0,0,0,기계공학부,2018,1학기,2
1,1,0,기계공학부,2018,1학기,2
2,2,0,기계공학부,2018,1학기,2
3,3,0,기계공학부,2018,1학기,2
4,4,1,기계공학부,2018,1학기,3
5,5,1,기계공학부,2018,1학기,3
6,6,1,기계공학부,2018,1학기,3
7,7,2,기계공학부,2018,1학기,3
8,8,2,기계공학부,2018,1학기,3
9,9,2,기계공학부,2018,1학기,3
10,5,3,기계공학부,2018,1학기,2
11,10,3,기계공학부,2018,1학기,2
12,7,3,기계공학부,2018,1학기,2
13,11,4,기계공학부,2018,1학기,3
14,0,4,기계공학부,2018,1학기,3
15,12,4,기계공학부,2018,1학기,3
16,13,5,기계공학부,2018,1학기,2
17,14,5,기계공학부,2018,1학기,2
18,15,6,기계공학부,2018,1학기,2
19,16,6,기계공학부,2018,1학기,2
19,16,6,기계공학부,2018,1학기,2
20,17,7,기계공학부,2018,1학기,2
21,18,7,기계공학부,2018,1학기,2
22,17,8,기계공학부,2018,1학기,3
23,18,8,기계공학부,2018,1학기,3
24,19,8,기계공학부,2018,1학기,3
25,8,9,기계공학부,2018,1학기,2
26,4,10,기계공학부,2018,1학기,3
27,10,10,기계공학부,2018,1학기,3
28,11,11,기계공학부,2018,1학기,3
29,9,11,기계공학부,2018,1학기,3
30,20,11,기계공학부,2018,1학기,3
31,5,12,기계공학부,2018,1학기,3
32,19,12,기계공학부,2018,1학기,3
33,0,12,기계공학부,2018,1학기,3
34,14,13,기계공학부,2018,1학기,2
35,14,14,기계공학부,2018,1학기,3
36,20,15,기계공학부,2018,1학기,3
37,16,16,기계공학부,2018,1학기,3
38,12,16,기계공학부,2018,1학기,3
39,6,17,기계공학부,2018,1학기,3
40,18,17,기계공학부,2018,1학기,3
41,20,17,기계공학부,2018,1학기,3
42,9,17,기계공학부,2018,1학기,3
43,1,18,기계공학부,2018,1학기,3
44,19,19,기계공학부,2018,1학기,3
45,6,20,기계공학부,2018,1학기,3
46,13,20,기계공학부,2018,1학기,3
47,16,20,기계공학부,2018,1학기,3
48,12,20,기계공학부,2018,1학기,3
49,15,21,기계공학부,2018,1학기,1
50,15,22,기계공학부,2018,1학기,1
51,15,23,기계공학부,2018,1학기,2
52,15,24,기계공학부,2018,1학기,2
53,2,25,기계공학부,2018,1학기,3
54,13,26,기계공학부,2018,1학기,3
55,21,27,메카트로닉스공학부,2018,1학기,3
56,22,28,메카트로닉스공학부,2018,1학기,1
57,23,29,메카트로닉스공학부,2018,1학기,2
58,24,29,메카트로닉스공학부,2018,1학기,2
59,23,30,메카트로닉스공학부,2018,1학기,3
60,25,31,메카트로닉스공학부,2018,1학기,3
61,21,31,메카트로닉스공학부,2018,1학기,3
62,26,32,메카트로닉스공학부,2018,1학기,3
63,27,33,메카트로닉스공학부,2018,1학기,2
64,28,34,메카트로닉스공학부,2018,1학기,2
65,29,35,메카트로닉스공학부,2018,1학기,3
66,30,17,메카트로닉스공학부,2018,1학기,2
67,29,17,메카트로닉스공학부,2018,1학기,2
68,31,17,메카트로닉스공학부,2018,1학기,2
69,32,36,메카트로닉스공학부,2018,1학기,3
70,33,37,메카트로닉스공학부,2018,1학기,3
71,34,38,메카트로닉스공학부,2018,1학기,2
72,35,39,메카트로닉스공학부,2018,1학기,2
73,28,40,메카트로닉스공학부,2018,1학기,2
74,36,41,메카트로닉스공학부,2018,1학기,2
75,22,42,메카트로닉스공학부,2018,1학기,3
76,22,43,메카트로닉스공학부,2018,1학기,2
77,37,43,메카트로닉스공학부,2018,1학기,2
78,22,44,메카트로닉스공학부,2018,1학기,2
79,30,1,메카트로닉스공학부,2018,1학기,3
80,26,1,메카트로닉스공학부,2018,1학기,3
81,38,1,메카트로닉스공학부,2018,1학기,3
82,33,1,메카트로닉스공학부,2018,1학기,3
83,33,13,메카트로닉스공학부,2018,1학기,2
84,28,45,메카트로닉스공학부,2018,1학기,3
85,38,45,메카트로닉스공학부,2018,1학기,3
86,33,45,메카트로닉스공학부,2018,1학기,3
87,35,46,메카트로닉스공학부,2018,1학기,2
88,36,46,메카트로닉스공학부,2018,1학기,2
89,22,8,메카트로닉스공학부,2018,1학기,2
90,39,47,메카트로닉스공학부,2018,1학기,3
91,24,47,메카트로닉스공학부,2018,1학기,3
92,37,2,메카트로닉스공학부,2018,1학기,2
93,31,2,메카트로닉스공학부,2018,1학기,2
94,34,2,메카트로닉스공학부,2018,1학기,3
95,39,48,메카트로닉스공학부,2018,1학기,2
96,34,49,메카트로닉스공학부,2018,1학기,2
97,30,50,메카트로닉스공학부,2018,1학기,2
98,26,50,메카트로닉스공학부,2018,1학기,2
99,27,50,메카트로닉스공학부,2018,1학기,2
100,21,21,메카트로닉스공학부,2018,1학기,1
101,21,22,메카트로닉스공학부,2018,1학기,1
102,21,23,메카트로닉스공학부,2018,1학기,2
103,21,24,메카트로닉스공학부,2018,1학기,2
104,36,51,메카트로닉스공학부,2018,1학기,2
105,29,52,메카트로닉스공학부,2018,1학기,2
106,25,53,메카트로닉스공학부,2018,1학기,3
107,40,53,메카트로닉스공학부,2018,1학기,3
108,39,54,메카트로닉스공학부,2018,1학기,3
109,32,55,메카트로닉스공학부,2018,1학기,4
110,24,56,메카트로닉스공학부,2018,1학기,3
111,41,57,전기ㆍ전자ㆍ통신공학부,2018,1학기,3
112,42,57,전기ㆍ전자ㆍ통신공학부,2018,1학기,3
113,43,57,전기ㆍ전자ㆍ통신공학부,2018,1학기,3
114,44,57,전기ㆍ전자ㆍ통신공학부,2018,1학기,3
115,45,57,전기ㆍ전자ㆍ통신공학부,2018,1학기,3
116,46,57,전기ㆍ전자ㆍ통신공학부,2018,1학기,3
117,47,57,전기ㆍ전자ㆍ통신공학부,2018,1학기,3
118,48,57,전기ㆍ전자ㆍ통신공학부,2018,1학기,3
119,49,57,전기ㆍ전자ㆍ통신공학부,2018,1학기,3
120,50,58,전기ㆍ전자ㆍ통신공학부,2018,1학기,3
121,51,59,전기ㆍ전자ㆍ통신공학부,2018,1학기,3
122,52,60,전기ㆍ전자ㆍ통신공학부,2018,1학기,3
123,51,61,전기ㆍ전자ㆍ통신공학부,2018,1학기,3
124,53,62,전기ㆍ전자ㆍ통신공학부,2018,1학기,3
125,52,62,전기ㆍ전자ㆍ통신공학부,2018,1학기,3
126,54,63,전기ㆍ전자ㆍ통신공학부,2018,1학기,3
127,50,64,전기ㆍ전자ㆍ통신공학부,2018,1학기,3
128,55,65,전기ㆍ전자ㆍ통신공학부,2018,1학기,3
129,54,66,전기ㆍ전자ㆍ통신공학부,2018,1학기,3
130,53,67,전기ㆍ전자ㆍ통신공학부,2018,1학기,3
131,56,68,전기ㆍ전자ㆍ통신공학부,2018,1학기,3
132,57,69,전기ㆍ전자ㆍ통신공학부,2018,1학기,3
133,58,70,전기ㆍ전자ㆍ통신공학부,2018,1학기,3
134,52,71,전기ㆍ전자ㆍ통신공학부,2018,1학기,3
135,53,16,전기ㆍ전자ㆍ통신공학부,2018,1학기,3
136,54,21,전기ㆍ전자ㆍ통신공학부,2018,1학기,1
137,54,22,전기ㆍ전자ㆍ통신공학부,2018,1학기,1
138,54,23,전기ㆍ전자ㆍ통신공학부,2018,1학기,2
139,54,24,전기ㆍ전자ㆍ통신공학부,2018,1학기,2
140,41,72,전기ㆍ전자ㆍ통신공학부,2018,1학기,3
141,59,73,전기ㆍ전자ㆍ통신공학부,2018,1학기,3
142,59,74,전기ㆍ전자ㆍ통신공학부,2018,1학기,3
143,60,58,전기ㆍ전자ㆍ통신공학부,2018,1학기,3
144,61,75,전기ㆍ전자ㆍ통신공학부,2018,1학기,3
145,62,76,전기ㆍ전자ㆍ통신공학부,2018,1학기,3
146,63,77,전기ㆍ전자ㆍ통신공학부,2018,1학기,1
147,60,78,전기ㆍ전자ㆍ통신공학부,2018,1학기,3
148,64,79,전기ㆍ전자ㆍ통신공학부,2018,1학기,3
149,65,80,전기ㆍ전자ㆍ통신공학부,2018,1학기,2
150,60,80,전기ㆍ전자ㆍ통신공학부,2018,1학기,2
151,66,81,전기ㆍ전자ㆍ통신공학부,2018,1학기,3
152,65,82,전기ㆍ전자ㆍ통신공학부,2018,1학기,3
153,46,82,전기ㆍ전자ㆍ통신공학부,2018,1학기,3
154,62,83,전기ㆍ전자ㆍ통신공학부,2018,1학기,3
155,61,84,전기ㆍ전자ㆍ통신공학부,2018,1학기,3
156,67,85,전기ㆍ전자ㆍ통신공학부,2018,1학기,3
157,65,86,전기ㆍ전자ㆍ통신공학부,2018,1학기,3
158,64,87,전기ㆍ전자ㆍ통신공학부,2018,1학기,4
159,66,21,전기ㆍ전자ㆍ통신공학부,2018,1학기,1
160,66,22,전기ㆍ전자ㆍ통신공학부,2018,1학기,1
161,66,23,전기ㆍ전자ㆍ통신공학부,2018,1학기,2
162,66,24,전기ㆍ전자ㆍ통신공학부,2018,1학기,2
163,45,88,전기ㆍ전자ㆍ통신공학부,2018,1학기,3
164,63,89,전기ㆍ전자ㆍ통신공학부,2018,1학기,3
165,45,90,전기ㆍ전자ㆍ통신공학부,2018,1학기,3
166,44,91,전기ㆍ전자ㆍ통신공학부,2018,1학기,3
167,68,53,전기ㆍ전자ㆍ통신공학부,2018,1학기,3
168,68,59,전기ㆍ전자ㆍ통신공학부,2018,1학기,3
169,69,92,전기ㆍ전자ㆍ통신공학부,2018,1학기,1
170,47,78,전기ㆍ전자ㆍ통신공학부,2018,1학기,3
171,70,93,전기ㆍ전자ㆍ통신공학부,2018,1학기,3
172,69,94,전기ㆍ전자ㆍ통신공학부,2018,1학기,3
173,43,95,전기ㆍ전자ㆍ통신공학부,2018,1학기,3
174,70,96,전기ㆍ전자ㆍ통신공학부,2018,1학기,3
175,69,21,전기ㆍ전자ㆍ통신공학부,2018,1학기,1
176,69,22,전기ㆍ전자ㆍ통신공학부,2018,1학기,1
177,69,23,전기ㆍ전자ㆍ통신공학부,2018,1학기,2
178,69,24,전기ㆍ전자ㆍ통신공학부,2018,1학기,2
179,69,97,전기ㆍ전자ㆍ통신공학부,2018,1학기,6
180,71,83,전기ㆍ전자ㆍ통신공학부,2018,1학기,3
181,69,98,전기ㆍ전자ㆍ통신공학부,2018,1학기,3
182,58,99,전기ㆍ전자ㆍ통신공학부,2018,1학기,2
183,66,99,전기ㆍ전자ㆍ통신공학부,2018,1학기,2
184,63,99,전기ㆍ전자ㆍ통신공학부,2018,1학기,2
185,47,99,전기ㆍ전자ㆍ통신공학부,2018,1학기,2
186,54,100,전기ㆍ전자ㆍ통신공학부,2018,1학기,1
187,54,101,전기ㆍ전자ㆍ통신공학부,2018,1학기,2
188,72,102,컴퓨터공학부,2018,1학기,3
189,73,102,컴퓨터공학부,2018,1학기,3
190,74,102,컴퓨터공학부,2018,1학기,3
191,75,103,컴퓨터공학부,2018,1학기,3
192,72,104,컴퓨터공학부,2018,1학기,3
193,76,104,컴퓨터공학부,2018,1학기,3
194,77,104,컴퓨터공학부,2018,1학기,3
195,78,105,컴퓨터공학부,2018,1학기,3
196,79,106,컴퓨터공학부,2018,1학기,3
197,80,106,컴퓨터공학부,2018,1학기,3
198,81,107,컴퓨터공학부,2018,1학기,3
199,82,107,컴퓨터공학부,2018,1학기,3
200,83,107,컴퓨터공학부,2018,1학기,3
201,84,108,컴퓨터공학부,2018,1학기,3
202,81,109,컴퓨터공학부,2018,1학기,3
203,83,110,컴퓨터공학부,2018,1학기,3
204,85,111,컴퓨터공학부,2018,1학기,3
205,86,111,컴퓨터공학부,2018,1학기,3
206,87,112,컴퓨터공학부,2018,1학기,3
207,88,112,컴퓨터공학부,2018,1학기,3
208,89,113,컴퓨터공학부,2018,1학기,3
209,75,113,컴퓨터공학부,2018,1학기,3
210,90,113,컴퓨터공학부,2018,1학기,3
211,91,93,컴퓨터공학부,2018,1학기,3
212,82,93,컴퓨터공학부,2018,1학기,3
213,92,114,컴퓨터공학부,2018,1학기,3
214,82,114,컴퓨터공학부,2018,1학기,3
215,93,114,컴퓨터공학부,2018,1학기,3
216,79,115,컴퓨터공학부,2018,1학기,3
217,78,21,컴퓨터공학부,2018,1학기,1
218,78,22,컴퓨터공학부,2018,1학기,1
219,78,23,컴퓨터공학부,2018,1학기,2
220,78,24,컴퓨터공학부,2018,1학기,2
221,78,100,컴퓨터공학부,2018,1학기,2
222,78,116,컴퓨터공학부,2018,1학기,3
223,94,117,컴퓨터공학부,2018,1학기,3
224,87,118,컴퓨터공학부,2018,1학기,3
225,75,119,컴퓨터공학부,2018,1학기,3
226,77,120,컴퓨터공학부,2018,1학기,3
227,84,121,컴퓨터공학부,2018,1학기,3
228,94,122,컴퓨터공학부,2018,1학기,3
229,88,123,컴퓨터공학부,2018,1학기,3
230,80,124,컴퓨터공학부,2018,1학기,3
231,95,125,컴퓨터공학부,2018,1학기,3
232,96,126,컴퓨터공학부,2018,1학기,3
233,81,127,컴퓨터공학부,2018,1학기,3
234,93,128,컴퓨터공학부,2018,1학기,3
235,97,129,컴퓨터공학부,2018,1학기,3
236,98,130,디자인ㆍ건축공학부,2018,1학기,1
237,99,131,디자인ㆍ건축공학부,2018,1학기,2
238,100,132,디자인ㆍ건축공학부,2018,1학기,3
239,101,133,디자인ㆍ건축공학부,2018,1학기,3
240,102,21,디자인ㆍ건축공학부,2018,1학기,1
241,102,22,디자인ㆍ건축공학부,2018,1학기,1
242,102,23,디자인ㆍ건축공학부,2018,1학기,2
243,102,24,디자인ㆍ건축공학부,2018,1학기,2
244,103,134,디자인ㆍ건축공학부,2018,1학기,3
245,103,135,디자인ㆍ건축공학부,2018,1학기,4
246,104,136,디자인ㆍ건축공학부,2018,1학기,6
247,105,137,디자인ㆍ건축공학부,2018,1학기,3
248,100,137,디자인ㆍ건축공학부,2018,1학기,3
249,106,138,디자인ㆍ건축공학부,2018,1학기,3
250,103,139,디자인ㆍ건축공학부,2018,1학기,3
251,107,140,디자인ㆍ건축공학부,2018,1학기,3
252,103,141,디자인ㆍ건축공학부,2018,1학기,3
253,108,142,디자인ㆍ건축공학부,2018,1학기,3
254,109,143,디자인ㆍ건축공학부,2018,1학기,3
255,110,144,디자인ㆍ건축공학부,2018,1학기,3
256,110,17,디자인ㆍ건축공학부,2018,1학기,2
257,111,17,디자인ㆍ건축공학부,2018,1학기,2
258,108,145,디자인ㆍ건축공학부,2018,1학기,3
259,111,146,디자인ㆍ건축공학부,2018,1학기,3
260,111,147,디자인ㆍ건축공학부,2018,1학기,3
261,112,148,디자인ㆍ건축공학부,2018,1학기,3
262,113,149,디자인ㆍ건축공학부,2018,1학기,3
263,114,150,디자인ㆍ건축공학부,2018,1학기,2
264,115,151,디자인ㆍ건축공학부,2018,1학기,3
265,116,152,디자인ㆍ건축공학부,2018,1학기,3
266,117,153,디자인ㆍ건축공학부,2018,1학기,2
267,118,154,디자인ㆍ건축공학부,2018,1학기,3
268,119,155,디자인ㆍ건축공학부,2018,1학기,3
269,116,156,디자인ㆍ건축공학부,2018,1학기,3
270,116,157,디자인ㆍ건축공학부,2018,1학기,2
271,120,158,디자인ㆍ건축공학부,2018,1학기,3
272,121,159,디자인ㆍ건축공학부,2018,1학기,3
273,120,24,디자인ㆍ건축공학부,2018,1학기,2
274,120,97,디자인ㆍ건축공학부,2018,1학기,6
275,120,160,디자인ㆍ건축공학부,2018,1학기,3
276,121,161,디자인ㆍ건축공학부,2018,1학기,3
277,120,162,디자인ㆍ건축공학부,2018,1학기,1
278,112,163,디자인ㆍ건축공학부,2018,1학기,3
279,119,164,디자인ㆍ건축공학부,2018,1학기,3
280,122,165,디자인ㆍ건축공학부,2018,1학기,3
281,113,166,디자인ㆍ건축공학부,2018,1학기,3
282,122,167,디자인ㆍ건축공학부,2018,1학기,3
283,123,168,에너지신소재화학공학부,2018,1학기,4
284,124,168,에너지신소재화학공학부,2018,1학기,4
285,125,169,에너지신소재화학공학부,2018,1학기,3
286,126,169,에너지신소재화학공학부,2018,1학기,3
287,127,170,에너지신소재화학공학부,2018,1학기,3
288,128,171,에너지신소재화학공학부,2018,1학기,3
289,129,172,에너지신소재화학공학부,2018,1학기,3
290,127,173,에너지신소재화학공학부,2018,1학기,3
291,130,174,에너지신소재화학공학부,2018,1학기,3
292,131,175,에너지신소재화학공학부,2018,1학기,3
293,123,176,에너지신소재화학공학부,2018,1학기,4
294,123,17,에너지신소재화학공학부,2018,1학기,2
295,128,177,에너지신소재화학공학부,2018,1학기,3
296,125,178,에너지신소재화학공학부,2018,1학기,3
297,129,179,에너지신소재화학공학부,2018,1학기,3
298,124,180,에너지신소재화학공학부,2018,1학기,3
299,127,181,에너지신소재화학공학부,2018,1학기,3
300,129,182,에너지신소재화학공학부,2018,1학기,3
301,123,21,에너지신소재화학공학부,2018,1학기,1
302,123,22,에너지신소재화학공학부,2018,1학기,1
303,123,23,에너지신소재화학공학부,2018,1학기,2
304,123,24,에너지신소재화학공학부,2018,1학기,2
305,132,17,에너지신소재화학공학부,2018,1학기,2
306,3,183,에너지신소재화학공학부,2018,1학기,2
307,132,184,에너지신소재화학공학부,2018,1학기,3
308,133,185,에너지신소재화학공학부,2018,1학기,3
309,134,185,에너지신소재화학공학부,2018,1학기,3
310,134,186,에너지신소재화학공학부,2018,1학기,3
311,135,187,에너지신소재화학공학부,2018,1학기,3
312,132,187,에너지신소재화학공학부,2018,1학기,3
313,136,188,에너지신소재화학공학부,2018,1학기,3
314,137,189,에너지신소재화학공학부,2018,1학기,3
315,134,190,에너지신소재화학공학부,2018,1학기,3
316,134,21,에너지신소재화학공학부,2018,1학기,1
317,134,22,에너지신소재화학공학부,2018,1학기,1
318,134,23,에너지신소재화학공학부,2018,1학기,2
319,134,24,에너지신소재화학공학부,2018,1학기,2
320,138,191,에너지신소재화학공학부,2018,1학기,3
321,136,191,에너지신소재화학공학부,2018,1학기,3
322,138,27,에너지신소재화학공학부,2018,1학기,3
323,139,192,에너지신소재화학공학부,2018,1학기,2
324,138,193,에너지신소재화학공학부,2018,1학기,2
325,137,194,에너지신소재화학공학부,2018,1학기,3
326,137,195,에너지신소재화학공학부,2018,1학기,3
327,130,196,에너지신소재화학공학부,2018,1학기,2
328,130,197,에너지신소재화학공학부,2018,1학기,2
329,140,57,산업경영학부,2018,1학기,3
330,102,198,산업경영학부,2018,1학기,3
331,141,199,산업경영학부,2018,1학기,4
332,142,200,산업경영학부,2018,1학기,4
333,143,201,산업경영학부,2018,1학기,3
334,144,202,산업경영학부,2018,1학기,3
335,145,202,산업경영학부,2018,1학기,3
336,142,203,산업경영학부,2018,1학기,3
337,146,203,산업경영학부,2018,1학기,3
338,147,204,산업경영학부,2018,1학기,3
339,142,205,산업경영학부,2018,1학기,3
340,148,206,산업경영학부,2018,1학기,3
341,149,207,산업경영학부,2018,1학기,3
342,150,208,산업경영학부,2018,1학기,3
343,140,208,산업경영학부,2018,1학기,3
344,151,209,산업경영학부,2018,1학기,3
345,150,210,산업경영학부,2018,1학기,3
346,147,211,산업경영학부,2018,1학기,3
347,152,212,산업경영학부,2018,1학기,3
348,153,213,산업경영학부,2018,1학기,3
349,154,214,산업경영학부,2018,1학기,3
350,155,215,산업경영학부,2018,1학기,3
351,147,216,산업경영학부,2018,1학기,3
352,154,217,산업경영학부,2018,1학기,3
353,149,218,산업경영학부,2018,1학기,4
354,148,219,산업경영학부,2018,1학기,3
355,140,220,산업경영학부,2018,1학기,1
356,140,221,산업경영학부,2018,1학기,1
357,140,222,산업경영학부,2018,1학기,1
358,142,223,산업경영학부,2018,1학기,3
359,156,224,산업경영학부,2018,1학기,3
360,157,225,산업경영학부,2018,1학기,3
361,155,226,산업경영학부,2018,1학기,3
362,154,227,산업경영학부,2018,1학기,3
363,158,228,산업경영학부,2018,1학기,3
364,145,229,산업경영학부,2018,1학기,3
365,159,230,산업경영학부,2018,1학기,3
366,157,231,산업경영학부,2018,1학기,3
367,160,232,산업경영학부,2018,1학기,3
368,161,233,산업경영학부,2018,1학기,3
369,146,234,산업경영학부,2018,1학기,3
370,162,235,산업경영학부,2018,1학기,3
371,157,236,산업경영학부,2018,1학기,3
372,163,236,산업경영학부,2018,1학기,3
373,161,237,산업경영학부,2018,1학기,3
374,164,238,산업경영학부,2018,1학기,3
375,165,239,산업경영학부,2018,1학기,3
376,166,240,산업경영학부,2018,1학기,3
377,167,241,산업경영학부,2018,1학기,3
378,168,242,산업경영학부,2018,1학기,3
379,169,243,산업경영학부,2018,1학기,3
380,156,244,산업경영학부,2018,1학기,3
381,156,245,산업경영학부,2018,1학기,4
382,170,246,산업경영학부,2018,1학기,
383,171,247,산업경영학부,2018,1학기,2
384,172,248,산업경영학부,2018,1학기,3
385,151,249,산업경영학부,2018,1학기,3
386,152,250,산업경영학부,2018,1학기,3
387,173,251,교양학부,2018,1학기,4
388,174,251,교양학부,2018,1학기,4
389,175,251,교양학부,2018,1학기,4
390,176,251,교양학부,2018,1학기,4
391,177,251,교양학부,2018,1학기,4
392,178,251,교양학부,2018,1학기,4
393,179,251,교양학부,2018,1학기,4
394,180,251,교양학부,2018,1학기,4
395,181,252,교양학부,2018,1학기,3
396,182,253,교양학부,2018,1학기,3
397,183,253,교양학부,2018,1학기,3
398,176,253,교양학부,2018,1학기,3
399,37,253,교양학부,2018,1학기,3
400,174,253,교양학부,2018,1학기,3
401,179,253,교양학부,2018,1학기,3
402,184,254,교양학부,2018,1학기,3
403,80,254,교양학부,2018,1학기,3
404,185,255,교양학부,2018,1학기,3
405,178,255,교양학부,2018,1학기,3
406,183,255,교양학부,2018,1학기,3
407,180,255,교양학부,2018,1학기,3
408,173,255,교양학부,2018,1학기,3
409,129,255,교양학부,2018,1학기,3
410,175,255,교양학부,2018,1학기,3
411,186,256,교양학부,2018,1학기,3
412,186,257,교양학부,2018,1학기,3
413,187,258,교양학부,2018,1학기,4
414,188,258,교양학부,2018,1학기,4
415,189,258,교양학부,2018,1학기,4
416,190,258,교양학부,2018,1학기,4
417,191,258,교양학부,2018,1학기,4
418,192,258,교양학부,2018,1학기,4
419,193,258,교양학부,2018,1학기,4
420,192,259,교양학부,2018,1학기,3
421,194,260,교양학부,2018,1학기,3
422,195,261,교양학부,2018,1학기,3
423,194,261,교양학부,2018,1학기,3
424,196,262,교양학부,2018,1학기,3
425,197,263,교양학부,2018,1학기,3
426,198,264,교양학부,2018,1학기,3
427,199,265,교양학부,2018,1학기,3
428,200,266,교양학부,2018,1학기,3
429,164,267,교양학부,2018,1학기,3
430,201,268,교양학부,2018,1학기,3
431,202,268,교양학부,2018,1학기,3
432,203,268,교양학부,2018,1학기,3
433,204,268,교양학부,2018,1학기,3
434,205,268,교양학부,2018,1학기,3
435,206,268,교양학부,2018,1학기,3
436,207,268,교양학부,2018,1학기,3
437,208,268,교양학부,2018,1학기,3
438,209,268,교양학부,2018,1학기,3
439,210,268,교양학부,2018,1학기,3
440,211,268,교양학부,2018,1학기,3
441,207,269,교양학부,2018,1학기,3
442,205,270,교양학부,2018,1학기,3
443,203,271,교양학부,2018,1학기,3
444,198,272,교양학부,2018,1학기,3
445,212,273,교양학부,2018,1학기,1
446,213,273,교양학부,2018,1학기,1
447,214,273,교양학부,2018,1학기,1
448,215,273,교양학부,2018,1학기,1
449,216,274,교양학부,2018,1학기,3
450,217,274,교양학부,2018,1학기,3
451,212,274,교양학부,2018,1학기,3
452,213,274,교양학부,2018,1학기,3
453,214,274,교양학부,2018,1학기,3
454,218,274,교양학부,2018,1학기,3
455,219,275,교양학부,2018,1학기,1
456,220,275,교양학부,2018,1학기,1
457,221,275,교양학부,2018,1학기,1
458,222,275,교양학부,2018,1학기,1
459,223,275,교양학부,2018,1학기,1
460,212,275,교양학부,2018,1학기,1
461,223,276,교양학부,2018,1학기,1
462,219,276,교양학부,2018,1학기,1
463,220,276,교양학부,2018,1학기,1
464,222,277,교양학부,2018,1학기,1
465,219,277,교양학부,2018,1학기,1
466,220,277,교양학부,2018,1학기,1
467,223,277,교양학부,2018,1학기,1
468,221,277,교양학부,2018,1학기,1
469,222,278,교양학부,2018,1학기,3
470,218,279,교양학부,2018,1학기,3
471,221,280,교양학부,2018,1학기,3
472,218,281,교양학부,2018,1학기,3
473,211,282,교양학부,2018,1학기,3
474,224,283,교양학부,2018,1학기,1
475,225,283,교양학부,2018,1학기,1
476,226,284,교양학부,2018,1학기,1
477,227,284,교양학부,2018,1학기,1
478,204,285,교양학부,2018,1학기,5
479,228,286,교양학부,2018,1학기,5
480,193,287,교양학부,2018,1학기,3
481,229,288,교양학부,2018,1학기,1
482,230,289,교양학부,2018,1학기,3
483,231,290,교양학부,2018,1학기,3
484,230,290,교양학부,2018,1학기,3
485,232,290,교양학부,2018,1학기,3
486,233,290,교양학부,2018,1학기,3
487,234,291,교양학부,2018,1학기,3
488,216,291,교양학부,2018,1학기,3
489,201,291,교양학부,2018,1학기,3
490,235,292,교양학부,2018,1학기,3
491,236,292,교양학부,2018,1학기,3
492,236,293,교양학부,2018,1학기,3
493,216,294,교양학부,2018,1학기,3
494,237,295,교양학부,2018,1학기,3
495,199,296,교양학부,2018,1학기,3
496,231,297,교양학부,2018,1학기,3
497,232,298,교양학부,2018,1학기,3
498,230,299,교양학부,2018,1학기,3
499,238,300,교양학부,2018,1학기,3
500,239,301,교양학부,2018,1학기,3
501,240,302,교양학부,2018,1학기,3
502,170,303,교양학부,2018,1학기,1
503,231,304,교양학부,2018,1학기,2
504,215,305,교양학부,2018,1학기,3
505,237,306,교양학부,2018,1학기,3
506,241,307,교양학부,2018,1학기,3
507,235,308,교양학부,2018,1학기,3
508,242,309,교양학부,2018,1학기,1
509,243,310,교양학부,2018,1학기,1
510,244,311,교양학부,2018,1학기,1
511,243,312,교양학부,2018,1학기,1
512,245,313,교양학부,2018,1학기,1
513,243,314,교양학부,2018,1학기,1
514,244,314,교양학부,2018,1학기,1
515,246,315,교양학부,2018,1학기,1
516,247,316,교양학부,2018,1학기,1
517,246,317,교양학부,2018,1학기,1
518,248,318,교양학부,2018,1학기,1
519,244,319,교양학부,2018,1학기,1
520,249,320,교양학부,2018,1학기,1
521,245,321,교양학부,2018,1학기,1
522,250,322,교양학부,2018,1학기,3
523,251,323,교양학부,2018,1학기,3
524,251,324,교양학부,2018,1학기,1
525,252,324,교양학부,2018,1학기,1
526,251,325,교양학부,2018,1학기,1
527,109,326,교양학부,2018,1학기,1
528,210,327,교양학부,2018,1학기,3
529,253,327,교양학부,2018,1학기,3
530,254,327,교양학부,2018,1학기,3
531,255,328,교양학부,2018,1학기,3
532,256,329,교양학부,2018,1학기,3
533,251,330,교양학부,2018,1학기,1
534,235,331,교양학부,2018,1학기,3
535,114,332,교양학부,2018,1학기,3
536,162,333,교양학부,2018,1학기,3
537,79,334,교양학부,2018,1학기,2
538,170,335,교양학부,2018,1학기,1
539,257,336,HRD학과,2018,1학기,2
540,258,337,HRD학과,2018,1학기,2
541,258,338,HRD학과,2018,1학기,2
542,259,339,HRD학과,2018,1학기,2
543,259,340,HRD학과,2018,1학기,2
544,260,341,HRD학과,2018,1학기,2
545,261,342,HRD학과,2018,1학기,2
546,262,343,HRD학과,2018,1학기,2
547,263,344,HRD학과,2018,1학기,2
548,264,345,HRD학과,2018,1학기,2
549,265,346,HRD학과,2018,1학기,2
550,263,347,HRD학과,2018,1학기,2
551,266,348,HRD학과,2018,1학기,2
552,267,349,HRD학과,2018,1학기,2
553,259,350,HRD학과,2018,1학기,2
554,264,351,HRD학과,2018,1학기,2
555,264,352,HRD학과,2018,1학기,2
556,268,353,HRD학과,2018,1학기,2
557,269,353,HRD학과,2018,1학기,2
558,270,353,HRD학과,2018,1학기,2
559,271,353,HRD학과,2018,1학기,2
560,266,354,HRD학과,2018,1학기,2
561,272,355,HRD학과,2018,1학기,2
562,273,356,HRD학과,2018,1학기,2
563,258,356,HRD학과,2018,1학기,2
564,274,356,HRD학과,2018,1학기,2
565,275,356,HRD학과,2018,1학기,2
566,276,357,HRD학과,2018,1학기,2
567,265,358,HRD학과,2018,1학기,2
568,268,359,HRD학과,2018,1학기,2
569,277,359,HRD학과,2018,1학기,2
570,275,359,HRD학과,2018,1학기,2
571,273,359,HRD학과,2018,1학기,2
572,278,360,HRD학과,2018,1학기,2
573,269,361,HRD학과,2018,1학기,2
574,259,361,HRD학과,2018,1학기,2
575,279,362,HRD학과,2018,1학기,2
576,280,362,HRD학과,2018,1학기,2
577,281,362,HRD학과,2018,1학기,2
578,282,362,HRD학과,2018,1학기,2
579,283,363,HRD학과,2018,1학기,2
580,270,363,HRD학과,2018,1학기,2
581,262,364,HRD학과,2018,1학기,2
582,284,364,HRD학과,2018,1학기,2
583,285,365,HRD학과,2018,1학기,2
584,286,366,HRD학과,2018,1학기,2
585,278,366,HRD학과,2018,1학기,2
586,287,366,HRD학과,2018,1학기,2
587,288,366,HRD학과,2018,1학기,2
588,289,366,HRD학과,2018,1학기,2
589,190,367,기전융합공학과,2018,1학기,3
590,290,368,기전융합공학과,2018,1학기,3
591,291,356,기전융합공학과,2018,1학기,2
592,97,17,기전융합공학과,2018,1학기,2
593,292,369,기전융합공학과,2018,1학기,3
594,39,370,기전융합공학과,2018,1학기,3
595,293,371,기전융합공학과,2018,1학기,3
596,292,13,기전융합공학과,2018,1학기,3
597,294,372,기전융합공학과,2018,1학기,3
598,292,373,기전융합공학과,2018,1학기,2
599,295,374,기전융합공학과,2018,1학기,3
600,295,375,기전융합공학과,2018,1학기,3
601,293,57,기전융합공학과,2018,1학기,2
602,296,376,기전융합공학과,2018,1학기,3
603,102,377,기전융합공학과,2018,1학기,3
604,295,378,기전융합공학과,2018,1학기,4
605,292,379,기전융합공학과,2018,1학기,4
606,293,380,기전융합공학과,2018,1학기,1
607,102,381,기전융합공학과,2018,1학기,4
608,297,382,기전융합공학과,2018,1학기,4
609,298,382,기전융합공학과,2018,1학기,4
610,297,383,기전융합공학과,2018,1학기,3
611,298,383,기전융합공학과,2018,1학기,3
612,102,383,기전융합공학과,2018,1학기,4
613,298,384,기전융합공학과,2018,1학기,4
614,299,385,강소기업경영학과,2018,1학기,3
615,216,275,강소기업경영학과,2018,1학기,2
616,223,386,강소기업경영학과,2018,1학기,2
617,300,356,강소기업경영학과,2018,1학기,2
618,142,387,강소기업경영학과,2018,1학기,3
619,144,209,강소기업경영학과,2018,1학기,3
620,149,388,강소기업경영학과,2018,1학기,3
621,301,389,강소기업경영학과,2018,1학기,3
622,151,390,강소기업경영학과,2018,1학기,4
623,102,391,강소기업경영학과,2018,1학기,3
624,291,392,강소기업경영학과,2018,1학기,3
625,301,393,강소기업경영학과,2018,1학기,3
626,102,394,강소기업경영학과,2018,1학기,3
627,291,394,강소기업경영학과,2018,1학기,3
628,291,395,강소기업경영학과,2018,1학기,4
629,102,395,강소기업경영학과,2018,1학기,4
630,291,396,강소기업경영학과,2018,1학기,3
631,102,396,강소기업경영학과,2018,1학기,4
632,188,367,기계설계공학과,2018,1학기,3
633,184,397,기계설계공학과,2018,1학기,3
634,302,28,기계설계공학과,2018,1학기,2
635,303,398,기계설계공학과,2018,1학기,4
636,304,399,기계설계공학과,2018,1학기,4
637,297,400,기계설계공학과,2018,1학기,2
638,303,401,기계설계공학과,2018,1학기,4
639,303,51,기계설계공학과,2018,1학기,3
640,304,402,기계설계공학과,2018,1학기,2
641,11,403,기계설계공학과,2018,1학기,3
642,102,404,기계설계공학과,2018,1학기,3
643,102,405,기계설계공학과,2018,1학기,4
644,102,406,기계설계공학과,2018,1학기,3
645,200,407,융합학과,2018,1학기,2
646,102,401,융합학과,2018,1학기,2
647,102,408,융합학과,2018,1학기,2
648,200,409,융합학과,2018,1학기,2
